{
  "version": 1,
  "author": "programador novato",
  "editor": "wokwi",
  "parts": [
    {
      "type": "wokwi-esp32-devkit-v1",
      "id": "esp",
      "top": -106.68,
      "left": 146.61,
      "rotate": 90,
      "attrs": {}
    },
    {
      "type": "wokwi-dht22",
      "id": "dht1",
      "top": -109.39,
      "left": -350.4,
      "rotate": 270,
      "attrs": { "temperature": "49.6", "humidity": "51.5" }
    },
    {
      "type": "wokwi-resistor",
      "id": "r2",
      "top": -47.75,
      "left": -180.65,
      "attrs": { "value": "1000" }
    }
  ],
  "connections": [
    [ "esp:TX0", "$serialMonitor:RX", "", [] ],
    [ "esp:RX0", "$serialMonitor:TX", "", [] ],
    [ "esp:GND.2", "dht1:GND", "black", [ "h-16.75", "v-76.97" ] ],
    [ "dht1:SDA", "r2:1", "green", [ "h0" ] ],
    [ "r2:1", "esp:D4", "green", [ "v-8.54", "h196.56", "v125.72", "h168.28", "v-11.88" ] ],
    [ "dht1:VCC", "r2:2", "red", [ "h75.04", "v11.36", "h71.27" ] ],
    [ "dht1:VCC", "esp:3V3", "red", [ "h-1.19", "v99.46", "h439.52", "v-52.46" ] ]
  ]
}